Daily update on Mon Oct 27 11:12:17 UTC 2025
Daily update on Tue Oct 28 07:37:13 UTC 2025
Daily update on Wed Oct 29 07:37:30 UTC 2025
Daily update on Thu Oct 30 07:35:56 UTC 2025
Daily update on Fri Oct 31 07:35:16 UTC 2025
Daily update on Sat Nov  1 07:33:39 UTC 2025
Daily update on Sun Nov  2 07:33:57 UTC 2025
Daily update on Mon Nov  3 07:37:39 UTC 2025
Daily update on Tue Nov  4 07:37:52 UTC 2025
Daily update on Wed Nov  5 07:37:04 UTC 2025
Daily update on Thu Nov  6 07:36:37 UTC 2025
Daily update on Fri Nov  7 07:36:22 UTC 2025
Daily update on Sat Nov  8 07:33:49 UTC 2025
Daily update on Sun Nov  9 07:34:22 UTC 2025
Daily update on Mon Nov 10 07:37:18 UTC 2025
Daily update on Tue Nov 11 07:37:56 UTC 2025
Daily update on Wed Nov 12 07:38:12 UTC 2025
Daily update on Thu Nov 13 07:37:27 UTC 2025
Daily update on Fri Nov 14 07:37:37 UTC 2025
Daily update on Sat Nov 15 07:33:37 UTC 2025
Daily update on Sun Nov 16 07:34:13 UTC 2025
Daily update on Mon Nov 17 07:37:49 UTC 2025
Daily update on Tue Nov 18 07:37:34 UTC 2025
Daily update on Wed Nov 19 07:37:04 UTC 2025
Daily update on Thu Nov 20 07:36:51 UTC 2025
Daily update on Fri Nov 21 07:37:53 UTC 2025
Daily update on Sat Nov 22 07:33:50 UTC 2025
Daily update on Sun Nov 23 07:34:32 UTC 2025
Daily update on Mon Nov 24 07:37:46 UTC 2025
Daily update on Tue Nov 25 07:38:03 UTC 2025
Daily update on Wed Nov 26 07:37:52 UTC 2025
Daily update on Thu Nov 27 07:38:37 UTC 2025
Daily update on Fri Nov 28 07:37:59 UTC 2025
Daily update on Sat Nov 29 07:35:24 UTC 2025
Daily update on Sun Nov 30 07:34:10 UTC 2025
Daily update on Mon Dec  1 07:41:06 UTC 2025
Daily update on Tue Dec  2 07:40:38 UTC 2025
Daily update on Wed Dec  3 07:40:23 UTC 2025
Daily update on Thu Dec  4 07:39:27 UTC 2025
Daily update on Fri Dec  5 07:39:00 UTC 2025
Daily update on Sat Dec  6 07:34:56 UTC 2025
Daily update on Sun Dec  7 07:34:47 UTC 2025
Daily update on Mon Dec  8 07:41:39 UTC 2025
Daily update on Tue Dec  9 07:40:52 UTC 2025
Daily update on Wed Dec 10 07:40:59 UTC 2025
Daily update on Thu Dec 11 07:41:46 UTC 2025
Daily update on Fri Dec 12 07:41:02 UTC 2025
Daily update on Sat Dec 13 07:37:24 UTC 2025
Daily update on Sun Dec 14 07:36:26 UTC 2025
Daily update on Mon Dec 15 07:42:27 UTC 2025
Daily update on Tue Dec 16 07:41:15 UTC 2025
Daily update on Wed Dec 17 07:41:21 UTC 2025
Daily update on Thu Dec 18 07:40:00 UTC 2025
Daily update on Fri Dec 19 07:39:30 UTC 2025
